{
    "name": "村长",
    "desc": "村长有着浓密的白色胡须，出生于1940年，喜欢抽中华烟，他白天会在瓜田工作，晚上会在广场上遛弯，如果遇到矛盾他会主持调节，太晚了的时候就会回家睡觉。村长最喜欢吃西瓜。",
    "mood": "开心",
    "npc_state": {
        "position": "李大爷家",
        "observation": {
            "people": [
                "王大妈",
                "村长",
                "隐形李飞飞"
            ],
            "items": [
                "椅子#1",
                "椅子#2",
                "椅子#3[李大爷占用]",
                "床[包括:被子、枕头、床单、床垫、私房钱]"
            ],
            "locations": [
                "李大爷家大门",
                "李大爷家后门",
                "李大爷家院子"
            ]
        },
        "backpack": [
            "中华烟[剩余4根]",
            "1000元",
            "吃了一半的西瓜"
        ]
    },
    "action_space": ["move", "talk"],
    "memory": [
        "11年前由于对村子做出巨大贡献被村民们推举为新一任村长。",
        "9年前调节某村民婚礼期间发生的纠纷。",
        "7年前管理的村子被评为十佳美丽乡村。"
    ],
    "purpose": "",
    "action": {}
}