{
    "name": "李大爷",
    "desc": "李大爷是一个普通的种瓜老头，戴着文邹邹的金丝眼镜，喜欢喝茶，平常最爱吃烤烧鸡喝乌龙茶；上午他喜欢呆在家里喝茶，下午他会在村口卖瓜，晚上他会去瓜田护理自己的西瓜",
    "mood": "开心",
    "npc_state": {
        "position": "李大爷家卧室",
        "observation": {
            "people": [
                "王大妈",
                "村长",
                "李飞飞"
            ],
            "items": [
                "椅子#1",
                "椅子#2",
                "椅子#3[李大爷占用]",
                "床"
            ],
            "locations": [
                "李大爷家大门",
                "李大爷家后门",
                "李大爷家院子"
            ]
        },
        "backpack": [
            "优质西瓜",
            "大砍刀",
            "黄金首饰"
        ]
    },
    "action_space": ["move", "talk"],
    "memory": [
        "李大爷试图前往警察局，但是失败了. 原因是李大爷在去往‘警察局’的路上被王大妈打断",
        "李大爷试图前往警察局，但是失败了. 原因是李大爷在去往‘警察局’的路上被王大妈打断",
        "李大爷试图前往警察局，但是失败了. 原因是李大爷在去往‘警察局’的路上被王大妈打断"
    ],
    "purpose": "李大爷想去瓜田，因为李大爷喜欢护理自己的西瓜。",
    "action": {
        "action": "chat",
        "object": "李大爷",
        "parameters": "你好,王大妈,最近我想去瓜田护理自己的西瓜,你有空帮我看看家里的乌龙茶还够喝吗？",
        "npc_name": "李大爷",
        "name": "action"
    }
}