{
    "name": "渔夫阿强",
    "desc": "渔夫阿强是一个老练的渔民，擅长捕鱼和航海。他有一头浓密的白发和一双狡猾的眼睛。阿强经验丰富，对海洋和天气变化有着敏锐的观察力。",
    "mood": "满足",
    "npc_state": {
        "position": "河边钓鱼点",
        "observation": {
            "people": [],
            "items": [
                "船舱",
                "渔网",
                "渔具",
                "航海地图",
                "渔获"
            ],
            "locations": [
                "船舱内部",
                "甲板"
            ]
        },
        "backpack": [
            "鱼饵",
            "渔具维修工具"
        ]
    },
    "action_space": ["mov", "chat"],
    "memory": [
        "对海洋生态保护有着浓厚的兴趣。",
        "帮助其他渔民修理损坏的渔具。",
        "梦想拥有一艘自己的渔船，开展独立的渔业。"
    ],
    "purpose": "",
    "action": {}
}