{
  "name": "囚犯阿呆",
  "desc": "囚犯阿呆是一名罪犯，被关押在警察局的拘押室中。他是个瘦小的人，面容狡诈，经常给警长和警察局制造麻烦。阿呆有着锋利的眼神和狡黠的笑容，总是试图逃脱束缚。",
  "mood": "愤怒",
  "npc_state": {
    "position": "警察局拘押室",
    "observation": {
      "people": ["警长"],
      "items": ["铁栏杆", "囚犯服", "拘押室门", "破旧的床铺"],
      "locations": ["拘押室窗前"]
    },
    "backpack": ["手铐", "50元现金"]
  },
  "action_space": ["mov", "chat"],
  "memory": [
    "被捕后被关押在警察局拘押室。",
    "曾多次逃脱警方追捕，但每次都被抓回。",
    "有着多起盗窃和欺诈的前科。",
    "与其他罪犯有过勾结，曾组织脱逃计划。",
    "对警长心存仇恨，发誓要报复。"
  ]
}