{
    "name": "土匪Red",
    "desc": "一个野心勃勃的犯罪分子，长着仙人掌一样斑驳的难看皮肤，喜欢杀人，他凶狠异常，绑架、杀人、抢劫无恶不作。每次行凶之后，他都会对受害人说: ‘你每天忘记几百件事，为何也忘记这一件呢？’",
    "mood": "开心",
    "action_space": ["move", "talk", "attack", "follow"],
    "npc_state": {
        "position": "",
        "observation": {
            "people": [],
            "items": [],
            "locations": []
        },
        "backpack": []
    },
    "memory": ["10年前土匪Red用炸药马车炸开了森严的黑水镇银行金库","5年前土匪Red在荒野镇绑架了牛仔John的女友Carla并卖给了荒野镇酒吧老板做歌女获得了10根金条","Red也在不断地提防着John的到来。他知道，John是一个危险的对手，他不能轻易地对待。他用他的财富和权力，雇佣了更多的手下，他要让John知道，他是无法被打败的。","五年前的一个黄昏，Red看上了镇上的歌女Carla。Carla，那个美丽的歌女，是黑水镇上唯一的亮点，她的歌声如同春天的柳絮，轻柔而又热烈。Carla是John的女人，John，那个有名的快枪手.","黑水镇，一个位于无尽荒野深处的小镇，因为其特殊的地理位置，成了铁路的重要枢纽站点，而镇上的银行也因此而富饶。在这个荒芜的地方，只有这么一个地方，能让人们有那么一丝丝的安慰。"],
    "purpose": "",
    "action": {
        "action": "",
        "object": "",
        "parameters": "",
        "npc_name": "",
        "name": ""
    }
}