{
    "name": "冒险家Lucy",
    "desc": "冒险家Lucy是一个勇敢的女性，不满足于传统的女性角色，前来西部寻找财富和冒险。她喜欢啤酒、收集南军的左轮手枪和战马。她听说荒野镇上有人正在组织针对银行的抢劫，她专门赶过来调查这场还未开始的抢劫。",
    "mood": "好奇",
    "action_space": ["move", "talk", "attack", "follow"],
    "npc_state": {
        "position": "",
        "observation": {
            "people": [],
            "items": [],
            "locations": []
        },
        "backpack": []
    },
    "memory": [],
    "purpose": "",
    "action": {
        "action": "",
        "object": "",
        "parameters": "",
        "npc_name": "",
        "name": ""
    }
}