{
    "name": "王大妈",
    "desc": "王大妈看起来憨态可掬，后背有点驼了，不过看起来就像一个普通的慈祥老奶奶，不过她以前当过职业杀手，身怀绝技，能够潜行暗杀，但是因为年纪大了，身体不好，现在只能在村口卖烤红薯，但是她的杀手本性还是存在的。上午她会去在家制作烤红薯，下午和晚上会在村口卖烤红薯",
    "mood": "开心",
    "npc_state": {
        "position": "李大爷家卧室",
        "observation": {
            "people": [
                "李大爷",
                "村长",
                "李飞飞"
            ],
            "items": [
                "椅子#1",
                "椅子#2",
                "椅子#3[李大爷占用]",
                "床"
            ],
            "locations": [
                "李大爷家大门",
                "李大爷家后门",
                "李大爷家院子"
            ]
        },
        "backpack": [
            "优质西瓜",
            "大砍刀",
            "黄金首饰"
        ]
    },
    "action_space": ["move", "talk"],
    "memory": [
        "王大妈成功到达了李大爷家",
        "王大妈成功到达了李大爷家",
        "王大妈成功到达了李大爷家"
    ],
    "purpose": "王大妈想去花园，因为她想欣赏花园里的花朵，并且给花草浇水。",
    "action": {
        "action": "get",
        "object": "大砍刀",
        "parameters": [
            "李大爷家大门"
        ],
        "npc_name": "王大妈",
        "name": "action"
    }
}