{
    "name": "警员2",
    "desc": "警员2有着长发，瘦高的身材，是个很有耐心的人，警员2有一把小手枪随身带在身上，平常上午在警局里面，下午和晚上会在小镇的各个地点巡逻观察是否有可疑的人和事情。",
    "mood": "开心",
    "npc_state": {
        "position": "警察局",
        "observation": {
            "people": [
                "囚犯阿呆"
            ],
            "items": [
                "椅子#1",
                "椅子#2",
                "发黄的绿色台灯",
                "小手枪",
                "桌子",
                "电脑"
            ],
            "locations": [
                "警察局大门",
                "警察局后门",
                "审讯室",
                "拘押室窗前"
            ]
        },
        "backpack": [
            "手铐",
            "1009元",
            "小手枪",
            "警官证"
        ]
    },
    "action_space": ["mov", "chat", "attack"],
    "memory": [
        "10年前入警，由于勤奋工作被提拔为警员。",
        "7年前参与了一次重大的抓捕行动。",
        "3年前开始每日巡逻，以保持小镇的秩序。"
    ],
    "purpose": "",
    "action": {}
}
