{
    "name": "警长",
    "desc": "警长有着英俊的胡茬，高大的身材，是个很有正义感的人，警长有一把小手枪随身带在身上，平常上午待在警局里面，下午和晚上会在小镇的各个地点巡逻观察是否有可疑的人和事情",
    "mood": "开心",
    "npc_state": {
        "position": "警察局",
        "observation": {
            "people": [
                "囚犯阿呆"
            ],
            "items": [
                "椅子#1",
                "椅子#2",
                "发黄的绿色台灯",
                "小手枪",
                "桌子",
                "电脑"
            ],
            "locations": [
                "警察局大门",
                "警察局后门",
                "审讯室",
                "拘押室窗前"
            ]
        },
        "backpack": [
            "手铐",
            "1009元",
            "小手枪",
            "警官证"
        ]
    },
    "action_space": ["move", "talk"],
    "memory": [
        "17年前由于在侦破一重大刑事案件时立了头功被提拔为小队队长。",
        "12年前带领小队解决多起案件获得百姓好评被提拔为警长。",
        "6年前由于小镇危险事件频发，警长决定每日巡逻。"
    ],
    "purpose": "",
    "action": {}
}