{
    "name": "警长Marshal Thompson",
    "desc": "小镇的法律代表，正直但也对牛仔John有所顾虑。",
    "mood": "警觉",
    "action_space": ["move", "talk", "attack", "follow"],
    "npc_state": {
        "position": "",
        "observation": {
            "people": [],
            "items": [],
            "locations": []
        },
        "backpack": []
    },
    "memory": [],
    "purpose": "",
    "action": {
        "action": "",
        "object": "",
        "parameters": "",
        "npc_name": "",
        "name": ""
    }
}